premise,hypothesis
A large group of protesters are walking down the street with signs.,Some people are holding up signs of protest in the street.
A man in a black coat and hat and a woman in a blue coat with pink hat snowshoeing on the side of a road with a stoplight in the background.,A man and woman are outside in the snow.
a man takes a picture of another two men in a crowd.,a man takes a picture of  two men in a crowd.
"A bald, black man wearing safety glasses and a long-sleeved black shirt is using a pick and hammer to sculpt a sizable rock into art.",A bald black man is painting on a canvas with paint on a pick and hammer.
A boy in a green shirt on a skateboard on a stone wall with graffiti,A boy in a green shirt rollerblading through the tunnel.
a man with a cap and not wearing shirt is laying a wooden bench.,A man relaxes on a bench
A newspaper delivery man smiles as he walks down a sidewalk holding his papers on top of his head.,Something that is shown in the shot is made of paper.
"A man is laying down inside a black, non-working boat.",The man is outside on a boat.
Trays of freshly-baked pretzels are being loaded onto a delivery truck.,Pretzels are poisonous.
Six or seven people are standing on a pier with a table and a pair of glasses in the foreground.,They are in a boat.
A man holding a briefcase on a subway.,A man is standing in the middle of a field with a briefcase.
A man in a black coat and hat and a woman in a blue coat with pink hat snowshoeing on the side of a road with a stoplight in the background.,A man and women are sitting by the fire.
A man standing on a street with a suitcase in front of him while another man bends down to look at what is displayed on top of it.,There are some people on a road.
Boy with red shorts getting soaked with water.,The boy is not wet.
Two young girls looking very concerned.,Their faces convey their feelings.
A man with a cigarette sits on the stoop.,A man sits and smokes outside.
Two men wearing red jackets are looking out over some water and one man has yellow earphones on his ears.,The jackets being worn are red.
Seven young girls are being creative and making posters.,Girls are making posters.
A young face-painted boy is sucking his thumb.,The boy has his face painted.
a young man wearing dark sunglasses smiling,A boy is taking an exam.
